iteratie, x pos,y pos,deltavx,deltavy, lichtcoefficient
0,0.013997404057222402,1.0000032283941522,-0.002595942777598542,0.003228394152246313,0.3332595714594046
10,0.1538288792869473,1.0002120116815976,-0.002586340686801857,0.003180166646781556,0.3332595714594046
20,0.2934018157373457,1.0007383330329749,-0.002576791776433462,0.0031322062455808835,0.3332595714594046
30,0.43271716777304325,1.0015773990521186,-0.002567295654484956,0.003084510979741106,0.3332595714594046
40,0.5717758844836941,1.0027244428369606,-0.0025578519325534376,0.003037078898468014,0.3332595714594046
50,0.7105789097227856,1.004174723784627,-0.0025484602258017777,0.0029899080688768702,0.3332595714594046
60,0.8491271821460868,1.0059235273983276,-0.002539120152919409,0.002942996575795471,0.3332595714594046
70,0.9874216352497456,1.0079661650960123,-0.00252983133608362,0.002896342521569716,0.3332595714594046
80,1.1254631974080351,1.0102979740207783,-0.002520593400921334,0.0028499440258716716,0.3332595714594046
90,1.2632527919107586,1.0129143168530086,-0.002511405976471383,0.0028037992255100586,0.3332595714594046
100,1.4007913370003109,1.0158105816242207,-0.00250226869514726,0.0027579062742432024,0.3332595714594046
110,1.5380797459084048,1.0189821815326099,-0.0024931811927003515,0.0027122633425943387,0.3332595714594046
120,1.6751189268924613,1.0224245547602662,-0.002484143108183618,0.0026668686176692003,0.3332595714594046
130,1.8119097832716742,1.0261331642920493,-0.0024751540839157617,0.002621720302976055,0.3332595714594046
140,1.948453213462743,1.0301034977361008,-0.00246621376544582,0.0025768166182478626,0.3332595714594046
150,2.0847501110152904,1.0343310671459758,-0.0024573218015182248,0.0025321557992667946,0.3332595714594046
160,2.2208013646469524,1.0388114088443816,-0.002448477844038296,0.002487736097690901,0.3332595714594046
170,2.3566078582781573,1.0435400832484978,-0.0024396815480381686,0.002443555780882999,0.3332595714594046
180,2.4921704710665953,1.0485126746968683,-0.0024309325716431415,0.0023996131317416403,0.3332595714594046
190,2.6274900774413696,1.0537247912778447,-0.0024222305760384644,0.0023559064485342935,0.3332595714594046
200,2.7625675471368516,1.059172064659563,-0.002413575225436521,0.0023124340447325357,0.3332595714594046
210,2.8974037452262316,1.064850149921442,-0.002404966187044438,0.002269194248849347,0.3332595714594046
220,3.0319995321547637,1.0707547253871819,-0.0023964031310320824,0.002226185404278384,0.3332595714594046
230,3.166355763772722,1.0768814924592514,-0.0023878857305004745,0.0021834058691353225,0.3332595714594046
240,3.3004732913680637,1.0832261754548422,-0.002379413661450575,0.002140854016101093,0.3332595714594046
250,3.434352961698796,1.0897845214432835,-0.0023709866027524754,0.002098528232267144,0.3332595714594046
260,3.5679956170250633,1.0965523000848905,-0.002362604236114959,0.0020564269189825416,0.3332595714594046
270,3.7014020951409505,1.103525303471241,-0.0023542662460554423,0.0020145484917030105,0.3332595714594046
280,3.834573229405998,1.11069934596686,-0.002345972319870285,0.001972891379841803,0.3332595714594046
290,3.9675098487764506,1.1180702640522993,-0.0023377221476054686,0.0019314540266224382,0.3332595714594046
300,4.100212777836222,1.1256339161685938,-0.002329515422027631,0.0018902348889332182,0.3332595714594046
310,4.2326828368275935,1.1333861825630873,-0.00232135183859546,0.0018492324371835469,0.3332595714594046
320,4.36492084168164,1.1413229651366055,-0.0023132310954314364,0.0018084451551620049,0.3332595714594046
330,4.496927604048389,1.1494401872919662,-0.002305152893293921,0.0017678715398961522,0.3332595714594046
340,4.628703931326728,1.1577337937838146,-0.0022971169355495862,0.0017275101015140795,0.3332595714594046
350,4.760250626694032,1.166199750569763,-0.0022891229281461756,0.0016873593631075642,0.3332595714594046
360,4.891568489135547,1.1748340446628287,-0.0022811705795856055,0.0016474178605969919,0.3332595714594046
370,5.022658313473517,1.1836326839851534,-0.0022732596008973828,0.0016076841425978242,0.3332595714594046
380,5.153520890396054,1.192591697222988,-0.002265389705612351,0.0015681567702887662,0.3332595714594046
390,5.28415700648576,1.201707133682935,-0.0022575606097367555,0.0015288343172814738,0.3332595714594046
400,5.414567444248098,1.210975063149433,-0.0022497720317266124,0.0014897153694918349,0.3332595714594046
410,5.544752982139532,1.2203915757434693,-0.0022420236924623987,0.0014507985250128517,0.3332595714594046
420,5.674714394595409,1.2299527817825093,-0.002234315315224041,0.0014120823939890066,0.3332595714594046
430,5.804452452057604,1.2396548116416284,-0.002226646625666199,0.0013735655984921263,0.3332595714594046
440,5.933967921001941,1.2494938156158382,-0.0022190173517938603,0.0013352467723988166,0.3332595714594046
450,6.06326156396536,1.2594659637835905,-0.0022114272239382136,0.001297124561269259,0.3332595714594046
460,6.192334139572863,1.2695674458714485,-0.0022038759747328154,0.0012591976222275196,0.3332595714594046
470,6.321186402564232,1.2797944711199116,-0.002196363339090042,0.001221464623843282,0.3332595714594046
480,6.44981910382051,1.2901432681503875,-0.00218888905417782,0.0011839242460149678,0.3332595714594046
490,6.578232990390268,1.3006100848332927,-0.0021814528593966367,0.0011465751798542582,0.3332595714594046
500,6.706428805515638,1.3111911881572742,-0.0021740544963568197,0.001109416127571995,0.3332595714594046
510,6.834407288658128,1.3218828640995397,-0.0021666937088560905,0.0010724458023654347,0.3332595714594046
520,6.962169175524229,1.3326814174972872,-0.0021593702428573725,0.00103566292830679,0.3332595714594046
530,7.089715198090791,1.343583171920217,-0.002152083846466879,9.990662402331642E-4,0.3332595714594046
540,7.217046084630192,1.3545844695441231,-0.0021448342699124452,9.626544836377295E-4,0.3332595714594046
550,7.344162559735298,1.3656816710255484,-0.0021376212655221196,9.264264145622061E-4,0.3332595714594046
560,7.471065344344204,1.37687115537749,-0.0021304445877030087,8.903807994905914E-4,0.3332595714594046
570,7.597755155764778,1.3881493198461548,-0.00212330399292037,8.5451641524417E-4,0.3332595714594046
580,7.724232707698989,1.3995125797887396,-0.002116199239676943,8.188320488776863E-4,0.3332595714594046
590,7.85049871026704,1.4109573685522396,-0.002109130088492535,7.833264975768266E-4,0.3332595714594046
600,7.976553870031296,1.4224801373532665,-0.0021020963018838303,7.479985685567865E-4,0.3332595714594046
610,8.10239889002001,1.4340773551588686,-0.0020950976443444465,7.128470789621293E-4,0.3332595714594046
620,8.228034469750863,1.4457455085683437,-0.0020881338823252184,6.778708557677451E-4,0.3332595714594046
630,8.353461305254285,1.4574811016960332,-0.0020812047842147085,6.430687356809575E-4,0.3332595714594046
640,8.478680089096612,1.4692806560550884,-0.0020743101203199448,6.084395650447885E-4,0.3332595714594046
650,8.603691510403017,1.4811407104422016,-0.0020674496628473923,5.7398219974238E-4,0.3332595714594046
660,8.728496254880298,1.493057820823286,-0.002060623185884121,5.396955051024097E-4,0.3332595714594046
670,8.853095004839425,1.5050285602201032,-0.002053830465379214,5.055783558057084E-4,0.3332595714594046
680,8.977488439217938,1.5170495185978234,-0.0020470712791253788,4.7162963579290465E-4,0.3332595714594046
690,9.101677233602157,1.5291173027535117,-0.0020403454067407715,4.378482381731388E-4,0.3332595714594046
700,9.225662060249189,1.541228536205527,-0.0020336526296510335,4.0423306513382687E-4,0.3332595714594046
710,9.349443588108766,1.5533798590838328,-0.0020269927310715263,3.7078302785144323E-4,0.3332595714594046
720,9.473022482844927,1.5655679280212025,-0.002020365495989775,3.37497046403346E-4,0.3332595714594046
730,9.596399406857472,1.5777894160453145,-0.0020137707111481176,3.0437404968061975E-4,0.3332595714594046
740,9.719575019303292,1.590041012471729,-0.002007208165026539,2.714129753018533E-4,0.3332595714594046
750,9.842549976117507,1.6023194227977353,-0.00200067764782571,2.3861276952798072E-4,0.3332595714594046
760,9.9653249300344,1.614621368597064,-0.001994178951450223,2.0597238717804523E-4,0.3332595714594046
770,10.087900530608248,1.6269435874154525,-0.001987711869492004,1.7349079154590008E-4,0.3332595714594046
780,10.210277424233913,1.6392828326670585,-0.0019812761972139246,1.4116695431790483E-4,0.3332595714594046
790,10.332456254167324,1.6516358735317118,-0.0019748717315335933,1.0899985549150415E-4,0.3332595714594046
800,10.454437660545755,1.6639994948529957,-0.0019684982710073367,7.698848329477493E-5,0.3332595714594046
810,10.576222280407952,1.6763704970371496,-0.001962155615814352,4.513183410683297E-5,0.3332595714594046
820,10.697810747714108,1.688745695952789,-0.0019558435677410435,1.3428912379161774E-5,0.3332595714594046
830,10.819203693365667,1.7011219228314312,-0.0019495619301655401,-1.8121269442156417E-5,0.3332595714594046
840,10.940401745224962,1.7134960241688166,-0.0019433105080423714,-4.951969099339948E-5,0.3332595714594046
850,11.061405528134715,1.725864861627024,-0.0019370891078873344,-8.076732406921928E-5,0.3332595714594046
860,11.18221566393736,1.7382253119373685,-0.0019308975377625146,-1.1186513269786325E-4,0.3332595714594046
870,11.302832771494227,1.7505742668040762,-0.0019247356072614817,-1.4281407321555052E-4,0.3332595714594046
880,11.423257466704573,1.7629086328087251,-0.0019186031274946503,-1.7361509433998101E-4,0.3332595714594046
890,11.54349036252444,1.7752253313154494,-0.0019124999110747966,-2.0426913724308805E-4,0.3332595714594046
900,11.6635320689854,1.7875212983768969,-0.0019064257721027494,-2.3477713562290248E-4,0.3332595714594046
910,11.783383193213108,1.799793484640932,-0.001900380526153228,-2.651400157746924E-4,0.3332595714594046
920,11.90304433944575,1.8120388552580804,-0.0018943639902608421,-2.953586966612694E-4,0.3332595714594046
930,12.022516109052305,1.8242543897897043,-0.0018883759829062448,-3.2543408998254186E-4,0.3332595714594046
940,12.141799100550706,1.8364370821169034,-0.001882416324002438,-3.553671002442922E-4,0.3332595714594046
950,12.260893909625812,1.848583940350138,-0.0018764848348812359,-3.851586248261789E-4,0.3332595714594046
960,12.379801129147282,1.8606919867395593,-0.0018705813382798684,-4.1480955404900224E-4,0.3332595714594046
970,12.498521349187268,1.8727582575860469,-0.0018647056583277332,-4.44320771241264E-4,0.3332595714594046
980,12.617055157037996,1.884779803152946,-0.0018588576205333012,-4.736931528049162E-4,0.3332595714594046
990,12.735403137229211,1.8967536875784945,-0.0018530370517711556,-5.029275682804819E-4,0.3332595714594046
1000,12.853565871545456,1.9086769887889372,-0.0018472437802691765,-5.32024880411397E-4,0.3332595714594046
1010,12.971543939043256,1.920546798412319,-0.0018414776355958722,-5.609859452076567E-4,0.3332595714594046
1020,13.089337916068134,1.9323602216929494,-0.0018357384486478352,-5.89811612008818E-4,0.3332595714594046
1030,13.20694837627152,1.9441143774065357,-0.0018300260516373474,-6.185027235462428E-4,0.3332595714594046
1040,13.324375890627504,1.9558063977759736,-0.001824340278080112,-6.470601160047291E-4,0.3332595714594046
1050,13.441621027449479,1.967433428387795,-0.001818680962783124,-6.754846190834236E-4,0.3332595714594046
1060,13.558684352406647,1.9789926281092602,-0.001813047941832668,-7.037770560561114E-4,0.3332595714594046
1070,13.675566428540398,1.9904811690060955,-0.0018074410525824483,-7.319382438308235E-4,0.3332595714594046
1080,13.792267816280559,2.001896236260864,-0.0018018601336418458,-7.599689930088242E-4,0.3332595714594046
1090,13.908789073461522,2.013235028091969,-0.0017963050248643077,-7.878701079429344E-4,0.3332595714594046
1100,14.025130755338253,2.02449475567328,-0.0017907755673358468,-8.156423867952701E-4,0.3332595714594046
1110,14.14129341460216,2.0356726430543763,-0.0017852716033636886,-8.432866215942933E-4,0.3332595714594046
1120,14.257277601396856,2.046765927081408,-0.001779792976465014,-8.70803598291328E-4,0.3332595714594046
1130,14.373083863333799,2.057771857318557,-0.0017743395313558432,-8.981940968164111E-4,0.3332595714594046
1140,14.4887127455078,2.0686876959701053,-0.0017689111139400286,-9.254588911335589E-4,0.3332595714594046
1150,14.604164790512431,2.0795107178030974,-0.001763507571298367,-9.525987492954666E-4,0.3332595714594046
1160,14.719440538455292,2.090238210070595,-0.001758128751677831,-9.796144334975896E-4,0.3332595714594046
1170,14.834540526973186,2.100867472435512,-0.001752774504480911,-0.0010065067001316735,0.3332595714594046
1180,14.949465291247165,2.111395816895034,-0.0017474446802550711,-0.001033276299838713,0.3332595714594046
1190,15.064215364017462,2.1218205677056123,-0.0017421391306823234,-0.001059923977561315,0.3332595714594046
1200,15.178791275598318,2.132139061308525,-0.0017368577085689022,-0.0010864504725955708,0.3332595714594046
1210,15.293193553892674,2.1423486462560013,-0.0017316002678350597,-0.0011128565186422873,0.3332595714594046
1220,15.407422724406784,2.1524466831379105,-0.0017263666635049593,-0.0011391428438577763,0.3332595714594046
1230,15.521479310264697,2.162430544508998,-0.0017211567516966795,-0.001165310170904034,0.3332595714594046
1240,15.63536383222263,2.1722976148166753,-0.0017159703896123285,-0.0011913592169984142,0.3332595714594046
1250,15.749076808683249,2.18204529032935,-0.0017108074355282506,-0.0012172906939627985,0.3332595714594046
1260,15.862618755709816,2.191670979065299,-0.0017056677487853503,-0.0012431053082722094,0.3332595714594046
1270,15.975990187040248,2.201172100722072,-0.0017005511897795031,-0.0012688037611029675,0.3332595714594046
1280,16.08919161410108,2.210546086606428,-0.0016954576199520852,-0.0012943867483802515,0.3332595714594046
1290,16.20222354602129,2.2197903795647926,-0.0016903869017805817,-0.0013198549608252818,0.3332595714594046
1300,16.31508648964606,2.228902433914239,-0.0016853388987693057,-0.0013452090840019241,0.3332595714594046
1310,16.427780949550403,2.237879715373982,-0.0016803134754402116,-0.0013704497983628291,0.3332595714594046
1320,16.540307428052703,2.2467197009973825,-0.001675310497323807,-0.0013955777792950918,0.3332595714594046
1330,16.65266642522816,2.25541987910446,-0.0016703298309501545,-0.0014205936971654403,0.3332595714594046
1340,16.764858438922104,2.263977749214906,-0.0016653713438399636,-0.0014454982173649604,0.3332595714594046
1350,16.876883964763277,2.2723908219815905,-0.0016604349044957887,-0.0014702920003533304,0.3332595714594046
1360,16.98874349617693,2.2806566191245694,-0.001655520382393304,-0.0014949757017026321,0.3332595714594046
1370,17.100437524397872,2.288772673365571,-0.0016506276479726772,-0.001519549972140677,0.3332595714594046
1380,17.211966538483438,2.296736528362978,-0.0016457565726300267,-0.001544015457593913,0.3332595714594046
1390,17.323331025326333,2.3045457386472723,-0.0016409070287089708,-0.0015683727992298665,0.3332595714594046
1400,17.43453146966738,2.312197869556975,-0.0016360788894922665,-0.0015926226334991504,0.3332595714594046
1410,17.545568354108184,2.319690497175043,-0.001631272029193523,-0.0016167655921770691,0.3332595714594046
1420,17.656442159123703,2.3270212082657356,-0.0016264863229490173,-0.0016408023024047332,0.3332595714594046
1430,17.767153363074716,2.3341876002119513,-0.0016217216468095762,-0.0016647333867298286,0.3332595714594046
1440,17.87770244222024,2.341187280953016,-0.0016169778777325556,-0.001688559463146909,0.3332595714594046
1450,17.98808987072979,2.3480178689229274,-0.0016122548935738933,-0.0017122811451373038,0.3332595714594046
1460,18.098316120695603,2.3546769929890536,-0.0016075525730802414,-0.0017358990417086348,0.3332595714594046
1470,18.208381662144742,2.361162292391275,-0.0016028707958811916,-0.0017594137574338724,0.3332595714594046
1480,18.31828696305114,2.3674714166815716,-0.001598209442481564,-0.001782825892490056,0.3332595714594046
1490,18.42803248934753,2.3736020256640473,-0.0015935683942537857,-0.0018061360426965775,0.3332595714594046
1500,18.5376187049373,2.3795517893353946,-0.0015889475334303392,-0.0018293447995531144,0.3332595714594046
1510,18.64704607170627,2.3853183878257833,-0.0015843467430962917,-0.0018524527502771476,0.3332595714594046
1520,18.75631504953437,2.3908995113401836,-0.0015797659071818998,-0.001875460477841103,0.3332595714594046
1530,18.865426096307228,2.396292860100109,-0.0015752049104552858,-0.0018983685610091429,0.3332595714594046
1540,18.974379667927696,2.401496144285781,-0.0015706636385151925,-0.0019211775743735481,0.3332595714594046
1550,19.083176218327285,2.4065070839787155,-0.0015661419777838075,-0.0019438880883907582,0.3332595714594046
1560,19.19181619947751,2.411323409104713,-0.0015616398154996594,-0.0019665006694170647,0.3332595714594046
1570,19.30030006140115,2.415942859377267,-0.0015571570397105896,-0.0019890158797438912,0.3332595714594046
1580,19.408628252183455,2.4203631842413706,-0.001552693539266791,-0.002011434277632773,0.3332595714594046
1590,19.51680121798322,2.424582142817737,-0.0015482492038139141,-0.0020337564173499726,0.3332595714594046
1600,19.62481940304386,2.428597503847405,-0.001543823923786249,-0.0020559828492007315,0.3332595714594046
1610,19.732683249704316,2.4324070456367526,-0.001539417590399972,-0.002078114119563181,0.3332595714594046
1620,19.840393198409945,2.436008556002895,-0.001535030095646455,-0.0021001507709219568,0.3332595714594046
1630,19.947949687723316,2.439399832219478,-0.001530661332285651,-0.002122093341901409,0.3332595714594046
1640,20.055353154334913,2.4425786809628516,-0.0015263111938395362,-0.0021439423672985534,0.3332595714594046
1650,20.162604033073773,2.445542918258627,-0.0015219795745856257,-0.0021656983781156293,0.3332595714594046
1660,20.269702756918093,2.4482903694286153,-0.0015176663695505453,-0.0021873619015923902,0.3332595714594046
1670,20.37664975700566,2.4508188690381405,-0.0015133714745036706,-0.002208933461238048,0.3332595714594046
1680,20.4834454626443,2.4531262608437263,-0.0015090947859508332,-0.0022304135768628913,0.3332595714594046
1690,20.59009030132222,2.4552103977411512,-0.0015048362011280808,-0.0022518027646096198,0.3332595714594046
1700,20.69658469871827,2.4570691417138684,-0.0015005956179955083,-0.002273101536984331,0.3332595714594046
1710,20.802929078712143,2.4587003637817944,-0.0014963729352311373,-0.002294310402887261,0.3332595714594046
1720,20.909123863394495,2.4601019439504523,-0.0014921680522248706,-0.0023154298676431456,0.3332595714594046
1730,21.015169473076995,2.4612717711604764,-0.0014879808690724929,-0.002336460433031359,0.3332595714594046
1740,21.121066326302323,2.4622077432374665,-0.0014838112865697408,-0.0023574025973156906,0.3332595714594046
1750,21.22681483985409,2.4629077668421995,-0.0014796592062064206,-0.002378256855273892,0.3332595714594046
1760,21.332415428766648,2.4633697574211837,-0.0014755245301605947,-0.0023990236982268797,0.3332595714594046
1770,21.4378685063349,2.463591639157564,-0.001471407161292814,-0.002419703614067694,0.3332595714594046
1780,21.543174484123984,2.463571344922362,-0.001467307003140417,-0.0024402970872901496,0.3332595714594046
1790,21.648333771978926,2.463306816226064,-0.001463223959911874,-0.0024608045990172187,0.3332595714594046
1800,21.75334677803421,2.4627960031705385,-0.0014591579364811977,-0.002481226627029126,0.3332595714594046
1810,21.858213908723275,2.4620368644012958,-0.0014551088383823953,-0.0025015636457912027,0.3332595714594046
1820,21.962935568787984,2.461027367060071,-0.0014510765718039843,-0.002521816126481431,0.3332595714594046
1830,22.067512161287944,2.4597654867377394,-0.001447061043583559,-0.00254198453701774,0.3332595714594046
1840,22.171944087609866,2.458249207427557,-0.0014430621612024073,-0.002562069342085038,0.3332595714594046
1850,22.276231747476803,2.4564765214787228,-0.001439079832780179,-0.002582071003161997,0.3332595714594046
1860,22.380375538957306,2.454445429550266,-0.0014351139670696145,-0.002601989978547523,0.3332595714594046
1870,22.48437585847457,2.4521539405652435,-0.0014311644734513098,-0.002621826723387051,0.3332595714594046
1880,22.588233100815476,2.4496000716652584,-0.0014272312619285398,-0.0026415816896985483,0.3332595714594046
1890,22.691947659139583,2.44678184816529,-0.0014233142431221354,-0.002661255326398238,0.3332595714594046
1900,22.795519924988064,2.4436973035088325,-0.0014194133282654042,-0.002680848079326124,0.3332595714594046
1910,22.89895028829258,2.4403444792233393,-0.0014155284291990959,-0.00270036039127126,0.3332595714594046
1920,23.002239137384077,2.4367214248759765,-0.001411659458366426,-0.0027197927019967515,0.3332595714594046
1930,23.105386859001555,2.4328261980296757,-0.0014078063288081408,-0.0027391454482645515,0.3332595714594046
1940,23.20839383830075,2.428656864199488,-0.0014039689541576288,-0.002758419063859999,0.3332595714594046
1950,23.311260458862755,2.4242114968092343,-0.0014001472486360818,-0.002777613979616133,0.3332595714594046
1960,23.4139871027026,2.419488177148451,-0.0013963411270477013,-0.0027967306234377614,0.3332595714594046
1970,23.51657415027777,2.414484994329629,-0.001392550504774947,-0.0028157694203253315,0.3332595714594046
1980,23.619021980496658,2.409200045245743,-0.0013887752977738376,-0.0028347307923985332,0.3332595714594046
1990,23.721330970726957,2.4036314345280667,-0.0013850154225692887,-0.0028536151589197063,0.3332595714594046
2000,23.82350149680401,2.3977772745042745,-0.0013812707962504967,-0.0028724229363170403,0.3332595714594046
2010,23.925533933039095,2.3916356851568277,-0.0013775413364663712,-0.002891154538207496,0.3332595714594046
2020,24.027428652227655,2.385204794081643,-0.0013738269614210032,-0.0029098103754195827,0.3332595714594046
2030,24.129186025657454,2.378482736447033,-0.0013701275898691842,-0.002928390856015864,0.3332595714594046
2040,24.230806423116732,2.371467654952927,-0.0013664431411119567,-0.0029468963853152915,0.3332595714594046
2050,24.332290212902233,2.3641576997903706,-0.0013627735349922192,-0.0029653273659152914,0.3332595714594046
2060,24.433637761827235,2.356551028601291,-0.0013591186918903606,-0.002983684197713693,0.3332595714594046
2070,24.53484943522951,2.348645806438532,-0.0013554785327199444,-0.0030019672779303948,0.3332595714594046
2080,24.63592559697922,2.3404402057261593,-0.0013518529789234301,-0.0030201770011288602,0.3332595714594046
2090,24.736866609486757,2.3319324062200337,-0.0013482419524679296,-0.003038313759237434,0.3332595714594046
2100,24.837672833710563,2.3231205949686395,-0.001344645375841014,-0.003056377941570399,0.3332595714594046
2110,24.938344629164863,2.3140029662741814,-0.0013410631720465495,-0.0030743699348488897,0.3332595714594046
2120,25.03888235392736,2.3045777216539376,-0.0013374952646005773,-0.0030922901232215915,0.3332595714594046
2130,25.13928636464687,2.2948430698018703,-0.0013339415775272337,-0.0031101388882852268,0.3332595714594046
2140,25.23955701655095,2.2847972265504937,-0.0013304020353546975,-0.0031279166091049125,0.3332595714594046
2150,25.339694663453393,2.2744384148329875,-0.0013268765631111886,-0.0031456236622342554,0.3332595714594046
2160,25.439699657761746,2.26376486464557,-0.0013233650863209978,-0.0031632604217352966,0.3332595714594046
2170,25.539572350484764,2.2527748130101175,-0.001319867531000549,-0.0031808272591982885,0.3332595714594046
2180,25.639313091239764,2.2414665039370254,-0.0013163838236545046,-0.003198324543761248,0.3332595714594046
2190,25.738922228260005,2.229838188388322,-0.0013129138912719033,-0.0032157526421293693,0.3332595714594046
2200,25.83840010840197,2.2178881242410218,-0.0013094576613223341,-0.003233111918594224,0.3332595714594046
2210,25.937747077152622,2.2056145762507184,-0.0013060150617521472,-0.0032504027350528128,0.3332595714594046
2220,26.036963478636604,2.193015816015422,-0.001302586020980696,-0.0032676254510264143,0.3332595714594046
2230,26.136049655623385,2.180090121939626,-0.0012991704678966183,-0.0032847804236792867,0.3332595714594046
2240,26.235005949534365,2.166835779198619,-0.0012957683318541445,-0.0033018680078371982,0.3332595714594046
2250,26.33383270044994,2.1532510797030198,-0.001292379542669451,-0.003318888556005745,0.3332595714594046
2260,26.432530247116528,2.139334322063555,-0.0012890040306170344,-0.003335842418388557,0.3332595714594046
2270,26.531098926953508,2.1250838115560584,-0.0012856417264261266,-0.0033527299429053185,0.3332595714594046
2280,26.62953907606017,2.110497860086703,-0.0012822925612771424,-0.003369551475209595,0.3332595714594046
2290,26.727851029222574,2.0955747861574556,-0.001278956466798154,-0.0033863073587065405,0.3332595714594046
2300,26.826035119920405,2.080312914831763,-0.0012756333750614027,-0.0034029979345704345,0.3332595714594046
2310,26.924091680333728,2.064710577700451,-0.0012723232185798431,-0.0034196235417620208,0.3332595714594046
2320,27.022021041349763,2.048766112847855,-0.0012690259303037108,-0.0034361845170457527,0.3332595714594046
2330,27.11982353256958,2.0324778648181647,-0.001265741443617132,-0.003452681195006827,0.3332595714594046
2340,27.217499482314732,2.0158441845819843,-0.0012624696923347568,-0.0034691139080680884,0.3332595714594046
2350,27.315049217633902,1.9988634295031122,-0.0012592106106984243,-0.0034854829865067732,0.3332595714594046
2360,27.412473064309456,1.981533963305539,-0.0012559641333738565,-0.0035017887584711306,0.3332595714594046
2370,27.509771346863978,1.9638541560406473,-0.0012527301954473864,-0.003518031549996845,0.3332595714594046
2380,27.60694438856675,1.9458223840546327,-0.0012495087324227109,-0.003534211685023344,0.3332595714594046
2390,27.703992511440216,1.9274370299561308,-0.001246299680217675,-0.0035503294854099528,0.3332595714594046
2400,27.800916036266347,1.9086964825840502,-0.0012431029751610856,-0.0035663852709518994,0.3332595714594046
2410,27.89771528259306,1.8895991369756144,-0.0012399185539895526,-0.0035823793593961818,0.3332595714594046
2420,27.994390568740496,1.8701433943346077,-0.0012367463538443559,-0.003598312066457294,0.3332595714594046
2430,28.09094221180732,1.8503276619998226,-0.0012335863122683469,-0.0036141837058328,0.3332595714594046
2440,28.18737052767695,1.8301503534137105,-0.0012304383672028718,-0.0036299945892187785,0.3332595714594046
2450,28.28367583102378,1.8096098880912328,-0.0012273024569847244,-0.003645745026325133,0.3332595714594046
2460,28.379858435319328,1.7887046915889084,-0.0012241785203431286,-0.0036614353248907465,0.3332595714594046
2470,28.475918652838363,1.7674331954740607,-0.0012210664963967406,-0.0036770657906985377,0.3332595714594046
2480,28.571856794664974,1.745793837294257,-0.001217966324650686,-0.0036926367275903413,0.3332595714594046
2490,28.667673170698645,1.7237850605469436,-0.001214877944993617,-0.003708148437481686,0.3332595714594046
2500,28.76336808966025,1.7014053146492751,-0.001211801297694801,-0.0037236012203764298,0.3332595714594046
2510,28.858941859098007,1.678653054908132,-0.0012087363234012311,-0.003738995374381255,0.3332595714594046
2520,28.954394785393422,1.6555267424903277,-0.0012056829631347627,-0.003754331195720064,0.3332595714594046
2530,29.049727173767195,1.632024844393006,-0.0012026411582892749,-0.0037696089787482307,0.3332595714594046
2540,29.144939328285055,1.6081458334142245,-0.0011996108506278616,-0.0037848290159667045,0.3332595714594046
2550,29.240031551863584,1.58388818812372,-0.001196591982280039,-0.003799991598036045,0.3332595714594046
2560,29.335004146276024,1.5592503928338648,-0.0011935844957389873,-0.003815097013790271,0.3332595714594046
2570,29.429857412157993,1.534230937570799,-0.0011905883338588072,-0.0038301455502506407,0.3332595714594046
2580,29.524591649013217,1.5088283180457458,-0.0011876034398518086,-0.0038451374926392677,0.3332595714594046
2590,29.61920715521919,1.4830410356265085,-0.001184629757285818,-0.0038600731243926428,0.3332595714594046
2600,29.71370422803283,1.4568675973091434,-0.0011816672300815094,-0.003874952727175051,0.3332595714594046
2610,29.808083163596073,1.4303065156898123,-0.0011787158025097636,-0.0038897765808918222,0.3332595714594046
2620,29.902344256941436,1.4033563089368077,-0.001175775419189044,-0.0039045449637025165,0.3332595714594046
2630,29.996487801997564,1.376015500762755,-0.001172846025082801,-0.003919258152033963,0.3332595714594046
2640,30.090514091594727,1.3482826203969882,-0.0011699275654968907,-0.003933916420593218,0.3332595714594046
2650,30.18442341747029,1.3201562025580933,-0.0011670199860770295,-0.003948520042380358,0.3332595714594046
2660,30.27821607027414,1.2916347874266276,-0.0011641232328062608,-0.0039630692887012015,0.3332595714594046
2670,30.371892339574078,1.262716920618005,-0.0011612372520024385,-0.0039775644291799375,0.3332595714594046
2680,30.465452513861187,1.23340115315555,-0.001158361990315751,-0.003992005731771577,0.3332595714594046
2690,30.558896880555178,1.2036860414437198,-0.0011554973947262475,-0.004006393462774372,0.3332595714594046
2700,30.65222572600968,1.1735701472414897,-0.001152643412541396,-0.004020727886842073,0.3332595714594046
2710,30.745439335517485,1.1430520376359043,-0.0011497999913936603,-0.004035009266996108,0.3332595714594046
2720,30.83853799331582,1.1121302850157913,-0.001146967079238098,-0.00404923786463765,0.3332595714594046
2730,30.93152198259153,1.0808034670456381,-0.0011441446243499753,-0.004063413939559579,0.3332595714594046
2740,31.024391585486228,1.0490701666396292,-0.00114133257532241,-0.004077537749958339,0.3332595714594046
2750,31.117147083101464,1.0169289719358396,-0.0011385308810640303,-0.0040916095524456955,0.3332595714594046
2760,31.209788755503816,0.9843784762705917,-0.0011357394907966485,-0.0041056296020604,0.3332595714594046
2770,31.302316881729965,0.9514172781529658,-0.0011329583540529663,-0.004119598152279741,0.3332595714594046
2780,31.394731739791737,0.9180439812394693,-0.0011301874206742924,-0.004133515455030995,0.3332595714594046
2790,31.487033606681127,0.8842571943088573,-0.0011274266408082747,-0.00414738176070281,0.3332595714594046
2800,31.57922275837526,0.8500555312371102,-0.001124675964906666,-0.004161197318156444,0.3332595714594046
2810,31.671299469841372,0.8154376109725627,-0.0011219353437230957,-0.004174962374736945,0.3332595714594046
2820,31.763264015041706,0.7804020575111841,-0.001119204728310867,-0.0041886771762842155,0.3332595714594046
2830,31.855116666938404,0.7449474998720088,-0.0011164840700207711,-0.004202341967143999,0.3332595714594046
2840,31.946857697498398,0.7090725720727173,-0.0011137733204989193,-0.0042159569901787574,0.3332595714594046
2850,32.03848737769822,0.6727759131053641,-0.0011110724316845952,-0.004229522486778464,0.3332595714594046
2860,32.130005977528796,0.6360561669122532,-0.0011083813558081246,-0.00424303869687131,0.3332595714594046
2870,32.22141376600023,0.5989119823619603,-0.0011057000453887616,-0.004256505858934305,0.3332595714594046
2880,32.312711011146575,0.5613420132254987,-0.0011030284532325943,-0.004269924210003808,0.3332595714594046
2890,32.403897980030486,0.523344918152631,-0.0011003665324304682,-0.004283293985685955,0.3332595714594046
2900,32.494974938747994,0.48491936064832114,-0.00109771423635593,-0.004296615420166987,0.3332595714594046
2910,32.58594215243309,0.4460640090493315,-0.00109507151866318,-0.004309888746223528,0.3332595714594046
2920,32.67679988526238,0.40677753650095816,-0.0010924383332850509,-0.004323114195232747,0.3332595714594046
2930,32.76754840045972,0.3670586209339071,-0.0010898146344309977,-0.004336291997182444,0.3332595714594046
2940,32.85818796030075,0.32690594504130943,-0.00108720037658511,-0.004349422380681042,0.3332595714594046
2950,32.94871882611747,0.28631819625587424,-0.0010845955145041357,-0.0043625055729675085,0.3332595714594046
2960,33.03914125830274,0.24529406672717802,-0.0010820000032155223,-0.00437554179992119,0.3332595714594046
2970,33.12945551631483,0.20383225329909027,-0.001079413798015478,-0.004388531286071561,0.3332595714594046
2980,33.219661858681775,0.1619314574873341,-0.0010768368544670443,-0.004401474254607888,0.3332595714594046
2990,33.309760543005936,0.1195903854571803,-0.001074269128398189,-0.004414370927388828,0.3332595714594046
3000,33.399751825968345,0.07680774800127498,-0.0010717105758999124,-0.004427221524951925,0.3332595714594046
3010,33.489635963333114,0.03358226051759847,-0.001069161153324368,-0.004440026266523051,0.3332595714594046
